{
  "Character by ID" : {
    "transaction" : "Character by ID",
    "sampleCount" : 16605,
    "errorCount" : 8337,
    "errorPct" : 50.207767,
    "meanResTime" : 22521.692381812645,
    "medianResTime" : 5326.0,
    "minResTime" : 5.0,
    "maxResTime" : 148951.0,
    "pct1ResTime" : 61776.59999999993,
    "pct2ResTime" : 76442.89999999998,
    "pct3ResTime" : 101899.4,
    "throughput" : 64.47667307356282,
    "receivedKBytesPerSec" : 90.10093212451704,
    "sentKBytesPerSec" : 4.044398698235191
  },
  "All Characters" : {
    "transaction" : "All Characters",
    "sampleCount" : 17876,
    "errorCount" : 9203,
    "errorPct" : 51.482433,
    "meanResTime" : 42312.43740210329,
    "medianResTime" : 5475.5,
    "minResTime" : 8.0,
    "maxResTime" : 163000.0,
    "pct1ResTime" : 152167.90000000002,
    "pct2ResTime" : 155004.15,
    "pct3ResTime" : 157143.44999999998,
    "throughput" : 69.0051842673121,
    "receivedKBytesPerSec" : 1213.0046671795926,
    "sentKBytesPerSec" : 4.18495443017452
  },
  "Total" : {
    "transaction" : "Total",
    "sampleCount" : 67370,
    "errorCount" : 28474,
    "errorPct" : 42.265102,
    "meanResTime" : 25143.716966008633,
    "medianResTime" : 48968.0,
    "minResTime" : 2.0,
    "maxResTime" : 163000.0,
    "pct1ResTime" : 150887.0,
    "pct2ResTime" : 154811.95,
    "pct3ResTime" : 156978.97,
    "throughput" : 260.0606048908533,
    "receivedKBytesPerSec" : 1430.2377609544787,
    "sentKBytesPerSec" : 26.80405177592596
  },
  "Create Character" : {
    "transaction" : "Create Character",
    "sampleCount" : 12846,
    "errorCount" : 4920,
    "errorPct" : 38.29986,
    "meanResTime" : 19411.401292231043,
    "medianResTime" : 3379.0,
    "minResTime" : 4.0,
    "maxResTime" : 155101.0,
    "pct1ResTime" : 54576.3,
    "pct2ResTime" : 75679.29999999997,
    "pct3ResTime" : 102095.36000000002,
    "throughput" : 49.99708097378715,
    "receivedKBytesPerSec" : 56.290258236518966,
    "sentKBytesPerSec" : 6.898685161130247
  },
  "Change Character" : {
    "transaction" : "Change Character",
    "sampleCount" : 10848,
    "errorCount" : 3536,
    "errorPct" : 32.59587,
    "meanResTime" : 16909.373801622416,
    "medianResTime" : 2687.0,
    "minResTime" : 2.0,
    "maxResTime" : 150431.0,
    "pct1ResTime" : 51714.500000000015,
    "pct2ResTime" : 74066.2,
    "pct3ResTime" : 102857.12,
    "throughput" : 42.24858431412259,
    "receivedKBytesPerSec" : 41.85792280227911,
    "sentKBytesPerSec" : 6.368456590825888
  },
  "DELETE Character by ID" : {
    "transaction" : "DELETE Character by ID",
    "sampleCount" : 9195,
    "errorCount" : 2478,
    "errorPct" : 26.949429,
    "meanResTime" : 14224.103425774882,
    "medianResTime" : 2322.0,
    "minResTime" : 6.0,
    "maxResTime" : 149660.0,
    "pct1ResTime" : 47564.2,
    "pct2ResTime" : 67797.19999999984,
    "pct3ResTime" : 101886.43999999999,
    "throughput" : 35.88600777432599,
    "receivedKBytesPerSec" : 30.687405967536723,
    "sentKBytesPerSec" : 5.504112029862076
  }
}