{
  "Character by ID" : {
    "transaction" : "Character by ID",
    "sampleCount" : 11904,
    "errorCount" : 0,
    "errorPct" : 0.0,
    "meanResTime" : 371.68800403225805,
    "medianResTime" : 135.0,
    "minResTime" : 1.0,
    "maxResTime" : 29378.0,
    "pct1ResTime" : 175.0,
    "pct2ResTime" : 182.0,
    "pct3ResTime" : 12034.600000000093,
    "throughput" : 401.605883742114,
    "receivedKBytesPerSec" : 102.36243716473804,
    "sentKBytesPerSec" : 50.592928713606156
  },
  "All Characters" : {
    "transaction" : "All Characters",
    "sampleCount" : 12616,
    "errorCount" : 369,
    "errorPct" : 2.9248574,
    "meanResTime" : 1603.5066582117938,
    "medianResTime" : 142.0,
    "minResTime" : 3.0,
    "maxResTime" : 30555.0,
    "pct1ResTime" : 182.0,
    "pct2ResTime" : 6767.349999999953,
    "pct3ResTime" : 30448.15,
    "throughput" : 412.8677553424747,
    "receivedKBytesPerSec" : 2999.634392283274,
    "sentKBytesPerSec" : 50.09899532022123
  },
  "Total" : {
    "transaction" : "Total",
    "sampleCount" : 59781,
    "errorCount" : 369,
    "errorPct" : 0.61725295,
    "meanResTime" : 494.56581522557417,
    "medianResTime" : 168.0,
    "minResTime" : 1.0,
    "maxResTime" : 30555.0,
    "pct1ResTime" : 184.0,
    "pct2ResTime" : 192.0,
    "pct3ResTime" : 30160.0,
    "throughput" : 1956.3766076512748,
    "receivedKBytesPerSec" : 3388.5612658822038,
    "sentKBytesPerSec" : 351.999727200396
  },
  "Create Character" : {
    "transaction" : "Create Character",
    "sampleCount" : 11805,
    "errorCount" : 0,
    "errorPct" : 0.0,
    "meanResTime" : 136.88987717069062,
    "medianResTime" : 135.0,
    "minResTime" : 2.0,
    "maxResTime" : 365.0,
    "pct1ResTime" : 173.0,
    "pct2ResTime" : 180.0,
    "pct3ResTime" : 261.9400000000005,
    "throughput" : 400.72643334804303,
    "receivedKBytesPerSec" : 102.138280374843,
    "sentKBytesPerSec" : 89.61557933271666
  },
  "Change Character" : {
    "transaction" : "Change Character",
    "sampleCount" : 11756,
    "errorCount" : 0,
    "errorPct" : 0.0,
    "meanResTime" : 141.2630996937725,
    "medianResTime" : 140.0,
    "minResTime" : 2.0,
    "maxResTime" : 365.0,
    "pct1ResTime" : 177.0,
    "pct2ResTime" : 182.0,
    "pct3ResTime" : 221.86000000000058,
    "throughput" : 400.87294550910457,
    "receivedKBytesPerSec" : 102.17562380651981,
    "sentKBytesPerSec" : 89.6483442593603
  },
  "DELETE Character by ID" : {
    "transaction" : "DELETE Character by ID",
    "sampleCount" : 11700,
    "errorCount" : 0,
    "errorPct" : 0.0,
    "meanResTime" : 139.70521367521363,
    "medianResTime" : 138.0,
    "minResTime" : 54.0,
    "maxResTime" : 352.0,
    "pct1ResTime" : 178.0,
    "pct2ResTime" : 183.0,
    "pct3ResTime" : 188.0,
    "throughput" : 404.98442367601245,
    "receivedKBytesPerSec" : 98.47765771028037,
    "sentKBytesPerSec" : 85.03090926791278
  }
}