{
  "Character by ID" : {
    "transaction" : "Character by ID",
    "sampleCount" : 2000,
    "errorCount" : 138,
    "errorPct" : 6.9,
    "meanResTime" : 973.8979999999997,
    "medianResTime" : 109.0,
    "minResTime" : 1.0,
    "maxResTime" : 5537.0,
    "pct1ResTime" : 4050.6000000000004,
    "pct2ResTime" : 4983.95,
    "pct3ResTime" : 5438.0,
    "throughput" : 355.1136363636364,
    "receivedKBytesPerSec" : 147.19911055131394,
    "sentKBytesPerSec" : 41.649211536754265
  },
  "All Characters" : {
    "transaction" : "All Characters",
    "sampleCount" : 2000,
    "errorCount" : 579,
    "errorPct" : 28.95,
    "meanResTime" : 605.482999999999,
    "medianResTime" : 295.5,
    "minResTime" : 2.0,
    "maxResTime" : 3817.0,
    "pct1ResTime" : 1106.9,
    "pct2ResTime" : 3181.8999999999996,
    "pct3ResTime" : 3636.0,
    "throughput" : 305.0640634533252,
    "receivedKBytesPerSec" : 344.4751229789506,
    "sentKBytesPerSec" : 27.093502135448443
  },
  "Total" : {
    "transaction" : "Total",
    "sampleCount" : 10000,
    "errorCount" : 717,
    "errorPct" : 7.17,
    "meanResTime" : 401.0926000000005,
    "medianResTime" : 9.0,
    "minResTime" : 1.0,
    "maxResTime" : 5537.0,
    "pct1ResTime" : 807.7999999999556,
    "pct2ResTime" : 3508.7999999999956,
    "pct3ResTime" : 4983.99,
    "throughput" : 1523.6934328813043,
    "receivedKBytesPerSec" : 699.8725692328204,
    "sentKBytesPerSec" : 263.0879909149779
  },
  "Create Character" : {
    "transaction" : "Create Character",
    "sampleCount" : 2000,
    "errorCount" : 0,
    "errorPct" : 0.0,
    "meanResTime" : 338.92849999999936,
    "medianResTime" : 9.0,
    "minResTime" : 2.0,
    "maxResTime" : 4758.0,
    "pct1ResTime" : 233.0,
    "pct2ResTime" : 4026.5999999999985,
    "pct3ResTime" : 4553.9000000000015,
    "throughput" : 369.5491500369549,
    "receivedKBytesPerSec" : 94.19172671840354,
    "sentKBytesPerSec" : 82.6433157797487
  },
  "Change Character" : {
    "transaction" : "Change Character",
    "sampleCount" : 2000,
    "errorCount" : 0,
    "errorPct" : 0.0,
    "meanResTime" : 45.86600000000002,
    "medianResTime" : 8.0,
    "minResTime" : 2.0,
    "maxResTime" : 285.0,
    "pct1ResTime" : 182.9000000000001,
    "pct2ResTime" : 185.0,
    "pct3ResTime" : 205.0,
    "throughput" : 389.0293717175647,
    "receivedKBytesPerSec" : 99.15690040848084,
    "sentKBytesPerSec" : 86.99973254230694
  },
  "DELETE Character by ID" : {
    "transaction" : "DELETE Character by ID",
    "sampleCount" : 2000,
    "errorCount" : 0,
    "errorPct" : 0.0,
    "meanResTime" : 41.28749999999999,
    "medianResTime" : 6.0,
    "minResTime" : 1.0,
    "maxResTime" : 190.0,
    "pct1ResTime" : 167.30000000000064,
    "pct2ResTime" : 180.0,
    "pct3ResTime" : 188.0,
    "throughput" : 405.35062829347385,
    "receivedKBytesPerSec" : 98.56670551276854,
    "sentKBytesPerSec" : 85.10779793271179
  }
}