{
  "Character by ID" : {
    "transaction" : "Character by ID",
    "sampleCount" : 20000,
    "errorCount" : 16877,
    "errorPct" : 84.385,
    "meanResTime" : 30190.058699999892,
    "medianResTime" : 23838.0,
    "minResTime" : 1.0,
    "maxResTime" : 482257.0,
    "pct1ResTime" : 47230.9,
    "pct2ResTime" : 75150.85000000002,
    "pct3ResTime" : 223055.84000000003,
    "throughput" : 24.380878077323956,
    "receivedKBytesPerSec" : 53.38045279290577,
    "sentKBytesPerSec" : 0.4796021097840463
  },
  "All Characters" : {
    "transaction" : "All Characters",
    "sampleCount" : 20000,
    "errorCount" : 17405,
    "errorPct" : 87.025,
    "meanResTime" : 25773.384899999874,
    "medianResTime" : 22338.0,
    "minResTime" : 1.0,
    "maxResTime" : 481837.0,
    "pct1ResTime" : 43385.0,
    "pct2ResTime" : 71034.15000000001,
    "pct3ResTime" : 170774.92,
    "throughput" : 24.33957602892515,
    "receivedKBytesPerSec" : 91.67025928950343,
    "sentKBytesPerSec" : 0.3947574987191298
  },
  "Total" : {
    "transaction" : "Total",
    "sampleCount" : 100000,
    "errorCount" : 84363,
    "errorPct" : 84.363,
    "meanResTime" : 28705.013419999697,
    "medianResTime" : 14271.0,
    "minResTime" : 1.0,
    "maxResTime" : 482365.0,
    "pct1ResTime" : 70790.40000000001,
    "pct2ResTime" : 93878.25000000001,
    "pct3ResTime" : 169514.93000000002,
    "throughput" : 121.69684342727518,
    "receivedKBytesPerSec" : 302.8449408606583,
    "sentKBytesPerSec" : 3.518312788877882
  },
  "Create Character" : {
    "transaction" : "Create Character",
    "sampleCount" : 20000,
    "errorCount" : 16614,
    "errorPct" : 83.07,
    "meanResTime" : 30746.743349999917,
    "medianResTime" : 24661.5,
    "minResTime" : 1.0,
    "maxResTime" : 482365.0,
    "pct1ResTime" : 45651.700000000004,
    "pct2ResTime" : 75806.40000000004,
    "pct3ResTime" : 213192.0,
    "throughput" : 24.381383350928562,
    "receivedKBytesPerSec" : 52.57684483451441,
    "sentKBytesPerSec" : 0.9231044122075148
  },
  "Change Character" : {
    "transaction" : "Change Character",
    "sampleCount" : 20000,
    "errorCount" : 16756,
    "errorPct" : 83.78,
    "meanResTime" : 28187.765899999988,
    "medianResTime" : 24994.0,
    "minResTime" : 1.0,
    "maxResTime" : 482141.0,
    "pct1ResTime" : 43899.40000000001,
    "pct2ResTime" : 73251.40000000001,
    "pct3ResTime" : 171580.10000000062,
    "throughput" : 24.382661489414875,
    "receivedKBytesPerSec" : 52.93564506045376,
    "sentKBytesPerSec" : 0.8844381853813753
  },
  "DELETE Character by ID" : {
    "transaction" : "DELETE Character by ID",
    "sampleCount" : 20000,
    "errorCount" : 16711,
    "errorPct" : 83.555,
    "meanResTime" : 28627.11424999996,
    "medianResTime" : 24689.0,
    "minResTime" : 1.0,
    "maxResTime" : 482355.0,
    "pct1ResTime" : 43750.8,
    "pct2ResTime" : 74192.8,
    "pct3ResTime" : 171929.96000000002,
    "throughput" : 24.382929023731908,
    "receivedKBytesPerSec" : 52.65205761251808,
    "sentKBytesPerSec" : 0.841895630624837
  }
}