{
  "Character by ID" : {
    "transaction" : "Character by ID",
    "sampleCount" : 11410,
    "errorCount" : 4541,
    "errorPct" : 39.798424,
    "meanResTime" : 9089.677300613512,
    "medianResTime" : 1985.0,
    "minResTime" : 1.0,
    "maxResTime" : 77682.0,
    "pct1ResTime" : 36616.199999999975,
    "pct2ResTime" : 45655.149999999994,
    "pct3ResTime" : 61410.0,
    "throughput" : 98.9884267693856,
    "receivedKBytesPerSec" : 111.85284540215675,
    "sentKBytesPerSec" : 7.694159596064754
  },
  "All Characters" : {
    "transaction" : "All Characters",
    "sampleCount" : 11858,
    "errorCount" : 5560,
    "errorPct" : 46.888176,
    "meanResTime" : 5564.176505312876,
    "medianResTime" : 1549.0,
    "minResTime" : 1.0,
    "maxResTime" : 76962.0,
    "pct1ResTime" : 16336.1,
    "pct2ResTime" : 35550.45,
    "pct3ResTime" : 53081.229999999996,
    "throughput" : 101.25090722793836,
    "receivedKBytesPerSec" : 1208.5752302090893,
    "sentKBytesPerSec" : 6.748708534346583
  },
  "Total" : {
    "transaction" : "Total",
    "sampleCount" : 48918,
    "errorCount" : 16318,
    "errorPct" : 33.357864,
    "meanResTime" : 6465.355697289352,
    "medianResTime" : 4117.0,
    "minResTime" : 1.0,
    "maxResTime" : 77682.0,
    "pct1ResTime" : 39515.0,
    "pct2ResTime" : 58576.850000000006,
    "pct3ResTime" : 75913.95000000001,
    "throughput" : 417.663481980482,
    "receivedKBytesPerSec" : 1493.119654724627,
    "sentKBytesPerSec" : 50.82653325723812
  },
  "Create Character" : {
    "transaction" : "Create Character",
    "sampleCount" : 10037,
    "errorCount" : 3306,
    "errorPct" : 32.93813,
    "meanResTime" : 7907.649197967501,
    "medianResTime" : 1899.0,
    "minResTime" : 1.0,
    "maxResTime" : 76964.0,
    "pct1ResTime" : 18542.2,
    "pct2ResTime" : 50621.90000000036,
    "pct3ResTime" : 75896.24,
    "throughput" : 87.47374567511744,
    "receivedKBytesPerSec" : 87.65267815901625,
    "sentKBytesPerSec" : 13.18880665650628
  },
  "Change Character" : {
    "transaction" : "Change Character",
    "sampleCount" : 8158,
    "errorCount" : 1702,
    "errorPct" : 20.862957,
    "meanResTime" : 4259.253493503322,
    "medianResTime" : 1351.0,
    "minResTime" : 1.0,
    "maxResTime" : 77041.0,
    "pct1ResTime" : 11553.600000000002,
    "pct2ResTime" : 18018.0,
    "pct3ResTime" : 65936.41,
    "throughput" : 71.23086729125374,
    "receivedKBytesPerSec" : 51.61393177437592,
    "sentKBytesPerSec" : 12.613992689624462
  },
  "DELETE Character by ID" : {
    "transaction" : "DELETE Character by ID",
    "sampleCount" : 7455,
    "errorCount" : 1209,
    "errorPct" : 16.217304,
    "meanResTime" : 4354.524748490944,
    "medianResTime" : 1250.0,
    "minResTime" : 1.0,
    "maxResTime" : 77085.0,
    "pct1ResTime" : 9503.800000000023,
    "pct2ResTime" : 18609.2,
    "pct3ResTime" : 74506.35999999999,
    "throughput" : 65.3597636352478,
    "receivedKBytesPerSec" : 39.23086694016798,
    "sentKBytesPerSec" : 11.552720419337021
  }
}