{
  "Character by ID" : {
    "transaction" : "Character by ID",
    "sampleCount" : 20257,
    "errorCount" : 12964,
    "errorPct" : 63.99763,
    "meanResTime" : 16971.499728489012,
    "medianResTime" : 9953.0,
    "minResTime" : 1.0,
    "maxResTime" : 243756.0,
    "pct1ResTime" : 40041.8,
    "pct2ResTime" : 55968.05000000012,
    "pct3ResTime" : 103122.83000000099,
    "throughput" : 40.3898416268391,
    "receivedKBytesPerSec" : 69.09155007506924,
    "sentKBytesPerSec" : 1.839900785610035
  },
  "All Characters" : {
    "transaction" : "All Characters",
    "sampleCount" : 22011,
    "errorCount" : 14966,
    "errorPct" : 67.99328,
    "meanResTime" : 16331.142247058277,
    "medianResTime" : 8548.5,
    "minResTime" : 2.0,
    "maxResTime" : 243507.0,
    "pct1ResTime" : 43217.50000000001,
    "pct2ResTime" : 56407.900000000045,
    "pct3ResTime" : 180347.84000000003,
    "throughput" : 43.80193905817174,
    "receivedKBytesPerSec" : 906.1313810976155,
    "sentKBytesPerSec" : 1.7646344763906137
  },
  "Total" : {
    "transaction" : "Total",
    "sampleCount" : 93129,
    "errorCount" : 58039,
    "errorPct" : 62.321083,
    "meanResTime" : 18159.405598685535,
    "medianResTime" : 14412.5,
    "minResTime" : 1.0,
    "maxResTime" : 243926.0,
    "pct1ResTime" : 28420.9,
    "pct2ResTime" : 35682.0,
    "pct3ResTime" : 243225.98,
    "throughput" : 185.32654876590257,
    "receivedKBytesPerSec" : 1137.52067460506,
    "sentKBytesPerSec" : 12.691375257331652
  },
  "Create Character" : {
    "transaction" : "Create Character",
    "sampleCount" : 19069,
    "errorCount" : 12152,
    "errorPct" : 63.726467,
    "meanResTime" : 19386.969689024078,
    "medianResTime" : 10628.0,
    "minResTime" : 1.0,
    "maxResTime" : 243926.0,
    "pct1ResTime" : 48676.0,
    "pct2ResTime" : 59573.0,
    "pct3ResTime" : 176667.39999999994,
    "throughput" : 38.087267759344556,
    "receivedKBytesPerSec" : 65.01967894389674,
    "sentKBytesPerSec" : 3.0958743422511215
  },
  "Change Character" : {
    "transaction" : "Change Character",
    "sampleCount" : 17212,
    "errorCount" : 10256,
    "errorPct" : 59.586334,
    "meanResTime" : 21453.33825238204,
    "medianResTime" : 10920.0,
    "minResTime" : 1.0,
    "maxResTime" : 243910.0,
    "pct1ResTime" : 53013.0,
    "pct2ResTime" : 73277.0,
    "pct3ResTime" : 242490.0,
    "throughput" : 34.405008435343696,
    "receivedKBytesPerSec" : 55.68415492460662,
    "sentKBytesPerSec" : 3.1260029619899816
  },
  "DELETE Character by ID" : {
    "transaction" : "DELETE Character by ID",
    "sampleCount" : 14580,
    "errorCount" : 7701,
    "errorPct" : 52.81893,
    "meanResTime" : 17075.84766803831,
    "medianResTime" : 7209.0,
    "minResTime" : 1.0,
    "maxResTime" : 243886.0,
    "pct1ResTime" : 47041.5,
    "pct2ResTime" : 55691.799999999974,
    "pct3ResTime" : 167646.65000000002,
    "throughput" : 29.152362081134743,
    "receivedKBytesPerSec" : 42.417839651011434,
    "sentKBytesPerSec" : 2.9076171105670316
  }
}